{"mean": [0.0942884156239662, 0.03819342927750294, 0.11170654860825142, 0.19188404396357142, 3330.4943217821615, 2869.329431499497, 17.146309177334476, -22.914188440234007, 0.03003499791835271, 0.0010866637850140096, -29.764781079038293, 1.1821025840927821, -336.75005657579135, 167.9959010061004, -28.178653553612552, -69.13079453143656, 13.063734264769746, 12.330084060313007, -32.78164830679983, -14.826290390315318, 10.92933542136365, -3.10409358096416, -17.58794361154893, -0.14035581517802445, 0.2963314101684274], "scale": [0.09879928401466681, 0.041783744079530206, 0.1125059269438873, 0.1893696477106997, 2980.7115298517897, 2148.6078341066313, 2.845322063334601, 10.350637816027822, 0.06143133606265742, 0.0033305155864590845, 15.768225075490887, 4.816474175939269, 178.39710213060025, 120.00657696087235, 35.965332318414795, 39.22172159197402, 20.948359839491893, 13.471845189300437, 20.00281028259971, 8.391898158788056, 12.881190667428559, 8.237781939353447, 10.3745618480903, 6.704164625162117, 4.879030051175343], "var": [0.009761298521810796, 0.0017458812693036754, 0.012657583597503306, 0.035860863474074516, 8884641.224191396, 4616515.6247843895, 8.095857644098672, 107.13570319858522, 0.0037738090504431535, 1.10923340716469e-05, 248.6369220313396, 23.19842348748986, 31825.526048595813, 14401.57851386578, 1293.5051287740116, 1538.3434446383208, 438.83377996483676, 181.49061280447734, 400.11241920167674, 70.42395470747036, 165.9250730106486, 67.86105128033782, 107.63153353985084, 44.945823321275114, 23.804934240272075], "n_features": 25}