{"mean": [-4.55098305164935, -4.251422178143291, -4.042955326728359, -3.787784913621943, -3.927029262767862, -4.084734296224546, -4.049810007057045, -3.944089798309983, -3.9957867629278114, -4.1088313141240524, -4.1515151582663865, -4.198817920928194, -4.287411717781276, -4.389928408385009, -4.436423959971386, -4.487021952173319, -4.523420612564226, -4.560274576799236, -4.553843714484496, -4.655867148872811, -4.822848457007706, -5.035809027439557, -5.510840333627424, -6.2734883129134795, -7.308667804648936, -8.594623507053598, -8.864535238494978, -8.871384616610323, -8.872519136516651, -8.8710251932456, -8.87323763965972, -8.872911328929646, -8.875541464108416, -8.876689896356503, -8.879297179160051, -8.879185514055639, -8.877725064766254, -8.877768801355018, -8.880088939802297, -8.880155563751918, -4.255972334646254, -3.9510956599396567, -3.7412676878734823, -3.4775449640333616, -3.6177225095495618, -3.778255409999038, -3.7434427423248047, -3.63712771601582, -3.689160015150243, -3.804187353947947, -3.84883278206825, -3.896772040374967, -3.987131517524318, -4.091320630873487, -4.139239331128798, -4.190731186326695, -4.227008411824497, -4.265636181240038, -4.257993441398602, -4.363091390653595, -4.534431161328022, -4.752426655598261, -5.239126816392502, -6.020420622418915, -7.081066260836947, -8.401541662123444, -8.679217319907417, -8.686487851485479, -8.687648684496052, -8.685992759786338, -8.688076742806857, -8.688037718113435, -8.690580484159906, -8.691591915192785, -8.69416898120988, -8.694265090352179, -8.69269872295145, -8.692796123241406, -8.694965695301873, -8.694995606370636], "scale": [4.134881018635868, 4.137793126284651, 4.167234564161224, 4.241974275340065, 4.252691543659194, 4.232294137884603, 4.2471973070481335, 4.281634838155572, 4.301050184596654, 4.2985979107748475, 4.289619826900983, 4.299880084166364, 4.305631403428175, 4.302518765544811, 4.29542086915653, 4.305685400866322, 4.314473412511641, 4.335476475134571, 4.358777406952866, 4.364072999860451, 4.361949134466313, 4.353857569208386, 4.374770173633532, 4.482848279184512, 4.774976833503393, 5.154876942501847, 5.254296937052059, 5.258968589435458, 5.259624596822402, 5.257250512944933, 5.257372403345208, 5.257053748921241, 5.258303828316735, 5.2591263216768205, 5.2621873849563405, 5.2616419866645865, 5.259634574260873, 5.259462375951817, 5.261881354835719, 5.2615417087806, 3.4032082577786045, 3.3791882780919855, 3.3964865514478593, 3.4679602004941583, 3.4937626989216786, 3.4824311666876366, 3.497328826105947, 3.530016486679386, 3.557732006311665, 3.563857391871474, 3.5556311340739506, 3.5734641800942217, 3.5888784368161475, 3.593313224035322, 3.5884915976471077, 3.6058298861148823, 3.6194201656596343, 3.64708986819066, 3.6748296762310555, 3.6900808579103814, 3.701868173707496, 3.709245817378592, 3.7695852187464154, 3.9495038963043543, 4.344090207310247, 4.826551722781239, 4.946077528715309, 4.9513234871788425, 4.952142336934996, 4.949505311837242, 4.9499106720526465, 4.949388548654093, 4.95081854064502, 4.951858593437714, 4.955180713255636, 4.9544011831680645, 4.952299480974942, 4.952182482510948, 4.954945186082402, 4.954590076484288], "var": [17.097241038275193, 17.121331955928504, 17.36584391273999, 17.994345752646876, 18.08538536551042, 17.91231366957237, 18.038684964996918, 18.33239688730749, 18.49903269041891, 18.477943998517887, 18.40083825934202, 18.48896873821053, 18.538461782186875, 18.51166772786524, 18.450640443185435, 18.538926771233378, 18.614680827269847, 18.79635626644528, 18.998940483362748, 19.045133148110995, 19.026600251671415, 18.956075732953153, 19.138614072113565, 20.095928694187535, 22.80040376049409, 26.57275629233719, 27.60763630271465, 27.656750624668774, 27.663650899499217, 27.63868295585976, 27.639964587455772, 27.636614119046882, 27.649759150890432, 27.65840966735396, 27.690616074393645, 27.684876395831655, 27.663755854760357, 27.66194448405274, 27.68739539236778, 27.683821153237876, 11.581826445812483, 11.418913418794277, 11.53612089416617, 12.026747952211483, 12.206377796376492, 12.127326830717415, 12.231308917911601, 12.461016396228276, 12.657457028734427, 12.701079509596946, 12.642512761596008, 12.76964624641647, 12.880048434243914, 12.91189992602712, 12.877271946383892, 13.002009167599265, 13.100202335583614, 13.301264506658967, 13.504373149308444, 13.616696737916618, 13.703827975508473, 13.75850453374058, 14.209772721391461, 15.598581026923275, 18.87111972924878, 23.295601532682543, 24.463682920062535, 24.515604274688855, 24.523713725264003, 24.497602831905066, 24.501615661300686, 24.49644700554827, 24.51060422239449, 24.520903529402936, 24.553815901020634, 24.54609108377712, 24.525270149264678, 24.524111340088293, 24.55148179708117, 24.54796282599658], "n_features": 80}